"","id_proyecto","nombre_del_proyecto","nombre_ocad","region","departamento","sector_suifp","programa","subprograma","avance_fisico","avance_financiero","estado_detalle","estado_general","anno","valor_sgr","valor_nación","valor_otros","total_proyecto","pctg_sgr"
"1","id_357417","CONSTRUCCIÓN DE PLACA HUELLA EN VÍAS TERCIARIAS DE LOS MUNICIPIOS DEL MAGDALENA MEDIO   ANTIOQUIA","Región Eje Cafetero","Eje Cafetero","Antioquia","Transporte","Infraestructura Red Vial Regional","Red Vial Terciaria",100,100,"Cerrado","Terminado",2017,1784417,0,0,1784417,100
"2","id_357587","CONSTRUCCIÓN DE PLACA HUELLA EN VÍAS TERCIARIAS DE LOS MUNICIPIOS DE GUADALUPE, GÓMEZ PLATA Y SAN JOSÉ DE LA MONTAÑA DEL DEPARTAMENTO DE  ANTIOQUIA","Región Eje Cafetero","Eje Cafetero","Antioquia","Transporte","Infraestructura Red Vial Regional","Red Vial Terciaria",100,100,"Cerrado","Terminado",2017,756224,0,0,756224,100
"3","id_701595","MEJORAMIENTO DE VÍAS TERCIARIAS EN LOS MUNICIPIOS DE COCORNÁ, GRANADA, SAN CARLOS Y SAN LUIS, DEPARTAMENTO DE  ANTIOQUIA","Región Eje Cafetero","Eje Cafetero","Antioquia","Transporte","Infraestructura Red Vial Regional","Red Vial Terciaria",100,99.95,"Cerrado","Terminado",2018,1605476,0,333,1605809,100
"4","id_274786","MEJORAMIENTO Y OPTIMIZACIÓN DE VIAS TERCIARIAS MEDIANTE LA ADQUISICION DE UN RETROCARGADOR EN EL MUNICIPIO DE ARBOLETES ANTIOQUIA","Antioquia - Arboletes","Eje Cafetero","Antioquia","Transporte","Infraestructura Red Vial Regional","Red Vial Terciaria",100,99.99,"Cerrado","Terminado",2016,210743,0,0,210743,100
"5","id_592358","ESTUDIOS Y DISEÑOS PARA EL MEJORAMIENTO  DE LA RED VIAL TERCIARIA DEL MUNICIPIO DE  CARACOLÍ","Caracoli","Eje Cafetero","Antioquia","Transporte","Infraestructura Red Vial Regional","Red Vial Terciaria",100,100,"Cerrado","Terminado",2018,31667,0,0,31667,100
"6","id_1062076","ELABORACIÓN DE ESTUDIOS Y DISEÑOS DE LA VÍA DE ACCESO A LA PLACA POLIDEPORTIVA DE LA VEREDA CAMPO ALEGRE DEL MUNICIPIO DE   CISNEROS","Antioquia - Cisneros","Eje Cafetero","Antioquia","Transporte","Infraestructura Red Vial Regional","Red Vial Terciaria",100,90,"Cerrado","Terminado",2020,7667,0,0,7667,100
"7","id_706853","MEJORAMIENTO DE VÍAS TERCIARIAS MEDIANTE EL USO DE PLACA HUELLA EN EL MUNICIPIO DE  CONCORDIA, ANTIOQUIA","Antioquia - Concordia","Eje Cafetero","Antioquia","Transporte","Infraestructura Red Vial Regional","Red Vial Terciaria",100,92.23,"Cerrado","Terminado",2018,812913,0,0,812913,100
"8","id_529385","MEJORAMIENTO DE VÍA TERCIARIA EN EL MUNICIPIO DE  HELICONIA, ANTIOQUIA","Antioquia - Heliconia","Eje Cafetero","Antioquia","Transporte","Infraestructura Red Vial Regional","Red Vial Terciaria",100,99.49,"Cerrado","Terminado",2018,166667,0,0,166667,100
"9","id_302535","MEJORAMIENTO DE VÍAS TERCIARIAS MEDIANTE EL USO DE PLACA HUELLA EN EL MUNICIPIO DE HISPANIA, DEPARTAMENTO DE  ANTIOQUIA","Antioquia - Hispania","Eje Cafetero","Antioquia","Transporte","Infraestructura Red Vial Regional","Red Vial Terciaria",100,100,"Cerrado","Terminado",2017,176030,0,0,176030,100
"10","id_787760","CONSTRUCCIÓN DE UN TRAMO DE PAVIMENTO RÍGIDO EN EL ACCESO DE LA VÍA PALMICHAL - PUERTO RICO, Y RECUPERACIÓN DE LA TRANSITABILIDAD EN LA VÍA LA TUPIADA - BETULIA DEL MUNICIPIO DE  SAN CARLOS, ANTIOQUIA","Antioquia - San Carlos","Eje Cafetero","Antioquia","Transporte","Infraestructura Red Vial Regional","Red Vial Terciaria",99.87,99.96,"Cerrado","Terminado",2019,133315,0,0,133315,100
"11","id_614416","CONSTRUCCIÓN DE PUENTE COLGANTE EN LA VEREDA EL BRASIL DEL MUNICIPIO DE   SAN PEDRO DE URABA, ANTIOQUIA","Antioquia - San Pedro De Uraba","Eje Cafetero","Antioquia","Transporte","Infraestructura Red Vial Regional","Red Vial Terciaria",99.98,99.97,"Cerrado","Terminado",2018,131661,0,0,131661,100
"12","id_755388","CONSTRUCCIÓN DE PONTÓN EN LA VEREDA SAN JUANCITO CEDRO DEL MUNICIPIO DE  SAN PEDRO DE URABA, ANTIOQUIA","Antioquia - San Pedro De Uraba","Eje Cafetero","Antioquia","Transporte","Infraestructura Red Vial Regional","Red Vial Terciaria",100,100,"Cerrado","Terminado",2018,38333,0,0,38333,100
"13","id_497005","MEJORAMIENTO DE LA RED VIAL TERCIARIA DEL MUNICIPIO DE   SAN VICENTE FERRER","Antioquia - San Vicente","Eje Cafetero","Antioquia","Transporte","Infraestructura Red Vial Regional","Red Vial Terciaria",100,97.83,"Cerrado","Terminado",2018,533356,0,0,533356,100
"14","id_1011939","MEJORAMIENTO DE VÍAS RURALES, PARA EL DESARROLLO Y LA PRODUCTIVIDAD DEL CAMPO DE  SAN VICENTE FERRER","Antioquia - San Vicente","Eje Cafetero","Antioquia","Transporte","Infraestructura Red Vial Regional","Red Vial Terciaria",100,100,"Cerrado","Terminado",2019,206234,0,239718,445952,46.2
"15","id_590539","MEJORAMIENTO DE VÍA TERCIARIA EN EL MUNICIPIO DE SOPETRÁN,  ANTIOQUIA","Sopetran","Eje Cafetero","Antioquia","Transporte","Infraestructura Red Vial Regional","Red Vial Terciaria",100,98.76,"Cerrado","Terminado",2018,159000,0,0,159000,100
"16","id_1067153","ELABORACIÓN DE ESTUDIOS Y DISEÑOS DE 2 KILÓMETROS DE PLACA HUELLA Y OBRAS DE DRENAJE EN LAS VÍAS TERCIARIAS DEL MUNICIPIO DE   SOPETRÁN","Sopetran","Eje Cafetero","Antioquia","Transporte","Infraestructura Red Vial Regional","Red Vial Terciaria",100,65.11,"Cerrado","Terminado",2020,7833,0,0,7833,100
"17","id_277771","CONSTRUCCIÓN PUENTE EN CONCRETO VEREDA VILLANUEVA CAÑO AZUL MUNICIPIO DE ARAUQUITA - DEPARTAMENTO DE ARAUCA","Arauca - Arauquita","Del Llano","Arauca","Transporte","Infraestructura Red Vial Regional","Red Vial Terciaria",100,100,"Cerrado","Terminado",2017,185539,0,0,185539,100
"18","id_339162","CONSTRUCCIÓN PUENTE EN CONCRETO SOBRE LA VIA QUE COMUNICA LA VEREDA LA PICA - VEREDA CAÑO RICO DEL MUNICIPIO - DEPARTAMENTO DE  ARAUCA","Arauca - Arauquita","Del Llano","Arauca","Transporte","Infraestructura Red Vial Regional","Red Vial Terciaria",100,100,"Cerrado","Terminado",2017,193735,0,0,193735,100
"19","id_1002213","CONSTRUCCIÓN DE BOX CULVERT DOBLE SOBRE EL CAÑO BOGA EN LA VEREDA SAN CARLOS DEL MUNICIPIO DE ARAUQUITA, DEPARTAMENTO DE   ARAUCA","Arauca - Arauquita","Del Llano","Arauca","Transporte","Infraestructura Red Vial Regional","Red Vial Terciaria",99.05,99.05,"Cerrado","Terminado",2019,174146,0,0,174146,100
"20","id_324697","MEJORAMIENTO EN PAVIMENTO ASFÁLTICO DE LA VÍA QUE COMUNICA AL MUNICIPIO DE MAHATES CON EL MUNICIPIO DE SOPLAVIENTO DEL DEPARTAMENTO DE  BOLÍVAR","Región Caribe","Caribe","Bolívar","Transporte","Infraestructura Red Vial Regional","Red Vial Terciaria",100,100,"Cerrado","Terminado",2017,18193397,0,0,18193397,100
"21","id_625428","CONSTRUCCIÓN DE PLACA HUELLA EN LA VÍA QUE COMUNICA LA CABECERA MUNICIPAL DE EL GUAMO, EL CORREGIMIENTO DE TASAJERA CON EL CORREGIMIENTO DE NERVITI  EN EL DEPARTAMENTO DE  BOLÍVAR","Bolivar - El Guamo","Caribe","Bolívar","Transporte","Infraestructura Red Vial Regional","Red Vial Terciaria",100,99.89,"Cerrado","Terminado",2018,382754,0,53387,436140,87.8
"22","id_485207","MEJORAMIENTO DE VÍAS TERCIARIAS MEDIANTE EL USO DE PLACA HUELLA Y OBRAS DE DRENAJE DE LAS VEREDAS DEL MUNICIPIO DE BELÉN, DEPARTAMENTO DE   BOYACÁ","Boyaca - Belen","Centro Oriente","Boyacá","Transporte","Infraestructura Red Vial Regional","Red Vial Terciaria",100,99.99,"Cerrado","Terminado",2018,215055,0,0,215055,100
"23","id_812308","MEJORAMIENTO DE RED VIAL TERCIARIA EN LA VEREDA ESCALONES DEL MUNICIPIO DE CUCAITA    BOYACÁ","Boyaca - Cucaita","Centro Oriente","Boyacá","Transporte","Infraestructura Red Vial Regional","Red Vial Terciaria",100,92.53,"Cerrado","Terminado",2019,157205,0,28120,185324,84.8
"24","id_1028007","MEJORAMIENTO DE LA VÍA LLUVIOSOS - ESCALONES, SECTOR LA CRUZ DEL MUNICIPIO DE CUCAITA -   BOYACÁ","Boyaca - Cucaita","Centro Oriente","Boyacá","Transporte","Infraestructura Red Vial Regional","Red Vial Terciaria",100,99.97,"Cerrado","Terminado",2019,58488,0,3509,61997,94.3
"25","id_376627","CONSTRUCCIÓN PLACA HUELLA VIA SECTOR EL HOYO VEREDA DE MACIAS MUNICIPIO DE CUITIVA,   BOYACÁ","Cuitiiva","Centro Oriente","Boyacá","Transporte","Infraestructura Red Vial Regional","Red Vial Terciaria",100,100,"Cerrado","Terminado",2017,67222,0,0,67222,100
"26","id_380967","MEJORAMIENTO Y CONSTRUCCIÓN DE PLACA HUELLA EN LA VEREDA PUENTÓN, MUNICIPIO LA VICTORIA -   BOYACÁ","Boyaca - La Victoria","Centro Oriente","Boyacá","Transporte","Infraestructura Red Vial Regional","Red Vial Terciaria",100,99.71,"Cerrado","Terminado",2017,64298,0,0,64298,100
"27","id_357669","MEJORAMIENTO DE LA VÍA RURAL QUE CONDUCE DEL CASCO URBANO A LA VEREDA SIRGUAZA, EN EL MUNICIPIO DE   MONGUA, BOYACÁ","Boyaca - Mongua","Centro Oriente","Boyacá","Transporte","Infraestructura Red Vial Regional","Red Vial Terciaria",100,99.97,"Cerrado","Terminado",2017,140217,0,0,140217,100
"28","id_370367","MEJORAMIENTO DE LA VÍA TERCIARIA RINCÓN DE LAS CAMPANAS DEL MUNICIPIO DE NOBSA EN EL DEPARTAMENTO DE  BOYACÁ","Boyaca - Nobsa","Centro Oriente","Boyacá","Transporte","Infraestructura Red Vial Regional","Red Vial Terciaria",100,95.82,"Cerrado","Terminado",2017,433333,0,161476,594810,72.9
"29","id_277866","MEJORAMIENTO DE VÍAS TERCIARIAS MEDIANTE EL USO DE PLACA HUELLA EN LA VÍA QUE CONDUCE DEL CENTRO POBLADO EL MARFIL A LA SERRANÍA LAS QUINCHAS SECTOR LAS PISCINAS EN EL MUNICIPIO DE PUERTO BOYACÁ, DEPARTAMENTO DE   BOYACÁ","Boyaca - Puerto Boyaca","Centro Oriente","Boyacá","Transporte","Infraestructura Red Vial Regional","Red Vial Terciaria",22.29,21.72,"Cerrado","Terminado",2017,458265,0,0,458265,100
"30","id_355264","CONSTRUCCIÓN DE PAVIMENTO EN CONCRETO RÍGIDO EN EL CENTRO POBLADO KM 11, MUNICIPIO DE  PUERTO BOYACÁ","Boyaca - Puerto Boyaca","Centro Oriente","Boyacá","Transporte","Infraestructura Red Vial Regional","Red Vial Terciaria",100,99.18,"Cerrado","Terminado",2017,513608,0,0,513608,100
"31","id_758138","CONSTRUCCIÓN DE PAVIMENTO EN CONCRETO RÍGIDO EN LA ENTRADA PRINCIPAL DEL CENTRO POBLADO EL MARFIL EN EL MUNICIPIO DE PUERTO BOYACÁ,  BOYACÁ","Boyaca - Puerto Boyaca","Centro Oriente","Boyacá","Transporte","Infraestructura Red Vial Regional","Red Vial Terciaria",100,99.99,"Cerrado","Terminado",2018,1101755,0,0,1101755,100
"32","id_1032743","CONSTRUCCIÓN PLACA HUELLA EN LA VEREDA SAN CAYETANO MUNICIPIO DE  RÁQUIRA, BOYACÁ","Boyaca - Raquira","Centro Oriente","Boyacá","Transporte","Infraestructura Red Vial Regional","Red Vial Terciaria",100,99.99,"Cerrado","Terminado",2019,77294,0,0,77294,100
"33","id_313606","CONSTRUCCIÓN DE PLACAS HUELLA VEHICULARES EN LAS VEREDAS DE RESGUARDO, MOLINO, MERCHÁN Y VINCULO DEL MUNICIPIO DE SABOYÁ DEPARTAMENTO DE  BOYACÁ","Boyaca - Saboya","Centro Oriente","Boyacá","Transporte","Infraestructura Red Vial Regional","Red Vial Terciaria",100,99.92,"Cerrado","Terminado",2017,378239,0,0,378239,100
"34","id_773846","MEJORAMIENTO DE LAS VIAS TERCIARIAS MEDIANTE LA CONSTRUCCIÓN DE PLACA HUELLA VEHICULAR EN LA VEREDA DE MATA DE MORA SECTOR CARRIZOS MUNICIPIO DE SABOYÁ -   BOYACÁ","Boyaca - Saboya","Centro Oriente","Boyacá","Transporte","Infraestructura Red Vial Regional","Red Vial Terciaria",98.76,98.81,"Cerrado","Terminado",2018,242684,0,0,242684,100
"35","id_378796","MEJORAMIENTO DE  VÍAS TERCIARIAS MEDIANTE EL USO DE PLACA HUELLA EN LAS VEREDAS VILLANUEVA Y QUEBRADAS, MUNICIPIO DE SAN EDUARDO- DEPARTAMENTO DE  BOYACÁ","Boyaca - San Eduardo","Centro Oriente","Boyacá","Transporte","Infraestructura Red Vial Regional","Red Vial Terciaria",55.36,59.75,"Cerrado","Terminado",2017,90404,0,0,90404,100
"36","id_382180","MEJORAMIENTO DE VÍAS TERCIARIAS MEDIANTE LA CONSTRUCCIÓN DE PLACA HUELLA EN LA  VEREDA HORNILLAS SECTOR SALÓN COMUNAL MUNICIPIO DE SANTA SOFÍA DEPARTAMENTO DE  BOYACÁ","Boyaca - Santa Sofia","Centro Oriente","Boyacá","Transporte","Infraestructura Red Vial Regional","Red Vial Terciaria",100,99.99,"Cerrado","Terminado",2017,51289,0,0,51289,100
"37","id_374719","CONSTRUCCIÓN DE PLACA HUELLA VEREDA SUPANECA SECTOR CIRCAS, MUNICIPIO DE TIBANA   BOYACÁ","Boyaca - Tibana","Centro Oriente","Boyacá","Transporte","Infraestructura Red Vial Regional","Red Vial Terciaria",97.99,99.9,"Cerrado","Terminado",2017,103837,0,0,103837,100
"38","id_502500","MEJORAMIENTO DE LAS VÍAS TERCIARIAS EN LA VEREDA SUESCUN,SECTOR SANTA TERESA MUNICIPIO DE   TIBASOSA","Boyaca - Tibasosa","Centro Oriente","Boyacá","Transporte","Infraestructura Red Vial Regional","Red Vial Terciaria",100,99.99,"Cerrado","Terminado",2018,260684,0,0,260684,100
"39","id_335490","MEJORAMIENTO DE VÍAS URBANAS MEDIANTE LA PAVIMENTACIÓN EN CONCRETO Y LA SUSTITUCIÓN DE LOS ALCANTARILLADOS, EN EL MUNICIPIO DE   TOCA","Boyaca - Toca","Centro Oriente","Boyacá","Transporte","Infraestructura Red Vial Regional","Red Vial Terciaria",100,99.85,"Cerrado","Terminado",2017,123433,0,0,123433,100
"40","id_1009295","MEJORAMIENTO DE VÍAS TERCIARIAS EN  UMBITA, BOYACÁ","Boyaca - Umbita","Centro Oriente","Boyacá","Transporte","Infraestructura Red Vial Regional","Red Vial Terciaria",100,98.53,"Cerrado","Terminado",2019,422835,0,0,422835,100
"41","id_1035484","MEJORAMIENTO DE VÍAS TERCIARIAS EN LA VEREDA PATANOA DEL MUNICIPIO DE ZETAQUIRA-  BOYACÁ","Boyaca - Zetaquira","Centro Oriente","Boyacá","Transporte","Infraestructura Red Vial Regional","Red Vial Terciaria",100,99.97,"Cerrado","Terminado",2019,74640,0,0,74640,100
"42","id_377796","ESTUDIOS Y DISEÑOS PARA EL MEJORAMIENTO DE LAS VÍAS TERCIARIAS MEDIANTE EL USO DE PLACA HUELLA EN EL MUNICIPIO DE   BELALCÁZAR, CALDAS","Caldas - Belalcazar","Eje Cafetero","Caldas","Transporte","Infraestructura Red Vial Regional","Red Vial Terciaria",100,100,"Cerrado","Terminado",2017,6882,0,0,6882,100
"43","id_699045","ESTUDIOS Y DISEÑOS PARA EL MEJORAMIENTO DE VÍAS TERCIARIAS,  LA MERCED","Caldas - La Merced","Eje Cafetero","Caldas","Transporte","Infraestructura Red Vial Regional","Red Vial Terciaria",100,100,"Cerrado","Terminado",2018,22771,0,0,22771,100
"44","id_376245","MEJORAMIENTO VIA RURAL TRAMO SANTA BARBARA – LOS POMOS – EL CODO  SAMANÁ","Caldas - Samana","Eje Cafetero","Caldas","Transporte","Infraestructura Red Vial Regional","Red Vial Terciaria",100,99.81,"Cerrado","Terminado",2017,211218,0,0,211218,100
"45","id_374403","MEJORAMIENTO DE VIA TERCIARIA MEDIANTE EL USO DE PLACA HUELLA EN EL MUNICIPIO DE  SAN JOSÉ","Caldas - San Jose","Eje Cafetero","Caldas","Transporte","Infraestructura Red Vial Regional","Red Vial Terciaria",91.56,85.58,"Cerrado","Terminado",2017,307604,0,0,307604,100
"46","id_371994","CONSTRUCCIÓN DE OBRAS DE ARTE VEREDA VERSALLES DEL MUNICIPIO DE   ALBANIA","Caqueta - Albania","Centro Sur","Caquetá","Transporte","Infraestructura Red Vial Regional","Red Vial Terciaria",100,100,"Cerrado","Terminado",2017,76621,0,0,76621,100
"47","id_290778","MEJORAMIENTO DE VÍAS TERCIARIAS, MEDIANTE EL USO DE PLACA HUELLAS EN LOS MUNICIPIOS DE FLORENCIA, BELEN DE LOS ANDAQUIES, SAN JOSE DEL FRAGUA Y ALBANIA, EN EL DEPARTAMENTO DEL CAQUETA","Región Centro Sur","Centro Sur","Caquetá","Transporte","Infraestructura Red Vial Regional","Red Vial Terciaria",100,99.85,"Cerrado","Terminado",2017,1276430,3333333,0,4609764,27.7
"48","id_334892","MEJORAMIENTO Y MANTENIMIENTO DE LAS VIAS TERCIARIAS EN EL MUNICIPIO DE  EL DONCELLO","Caqueta - El Doncello","Centro Sur","Caquetá","Transporte","Infraestructura Red Vial Regional","Red Vial Terciaria",99.89,100,"Cerrado","Terminado",2017,110429,0,0,110429,100
"49","id_373398","MEJORAMIENTO DE LA TRANSITABILIDAD DE LA VÍA TERCIARIA ENTRE LA VEREDA EL PORVENIR Y LA VEREDA GALICIA EN EL MUNICIPIO DE  EL PAUJIL","Caqueta - El Paujil","Centro Sur","Caquetá","Transporte","Infraestructura Red Vial Regional","Red Vial Terciaria",100,99.81,"Cerrado","Terminado",2017,281929,0,0,281929,100
"50","id_334879","CONSTRUCCIÓN DE OBRAS DE ARTE VIAL (ALCANTARILLAS) EN EL ÁREA RURAL DEL MUNICIPIO DE  PUERTO RICO","Caqueta - Puerto Rico","Centro Sur","Caquetá","Transporte","Infraestructura Red Vial Regional","Red Vial Terciaria",99.97,95.65,"Cerrado","Terminado",2017,119768,0,0,119768,100
"51","id_355848","CONSTRUCCIÓN DE OBRAS DE ARTE VIAL (ALCANTARILLAS) EN EL ÁREA RURAL DEL MUNICIPIO DE  SAN JOSÉ DEL FRAGUA","Caqueta - San Jose De La Fragua","Centro Sur","Caquetá","Transporte","Infraestructura Red Vial Regional","Red Vial Terciaria",100,99.99,"Cerrado","Terminado",2017,479814,0,0,479814,100
"52","id_358187","CONSTRUCCIÓN DE BOX CULVERT EN LA VÍA QUE CONDUCE HACIA LA VEREDA LA LIBERTAD DEL MUNICIPIO DE   SOLITA","Caqueta - Solita","Centro Sur","Caquetá","Transporte","Infraestructura Red Vial Regional","Red Vial Terciaria",100,100,"Cerrado","Terminado",2017,27378,0,0,27378,100
"53","id_508428","CONSTRUCCIÓN DE OBRAS DE ARTE EN LA VÍA RURAL ALTERNA LOS PAPAYOS-LOS CUROS-LA SALINA, DEL MUNICIPIO DE LA SALINA-DEPARTAMENTO DE  CASANARE","Casanare - La Salina","Del Llano","Casanare","Transporte","Infraestructura Red Vial Regional","Red Vial Terciaria",100,99.96,"Cerrado","Terminado",2018,77491,0,0,77491,100
"54","id_274362","PAVIMENTACIÓN DE LA VIA DE ACCESO VEREDA EL CHAPARRAL DESDE EL K1+800 HASTA EL K4+200  DEL MUNICIPIO DE TAURAMENA, CASANARE.","Casanare - Tauramena","Del Llano","Casanare","Transporte","Infraestructura Red Vial Regional","Red Vial Terciaria",96.64,99.39,"Cerrado","Terminado",2016,711705,0,0,711705,100
"55","id_290887","CONSTRUCCIÓN PLACA HUELLA EN LAS VÍAS PERIMETRALES DEL COLEGIO LA PLANADA  BALBOA","Cauca - Balboa","Pacifico","Cauca","Transporte","Infraestructura Red Vial Regional","Red Vial Terciaria",99.71,99.71,"Cerrado","Terminado",2017,117342,0,0,117342,100
"56","id_369057","MEJORAMIENTO DE LA VIA MEDIANTE PLACA HUELLA VIA CABECERA MUNICIPAL  DE BALBOA - VEREDA BRISAS DEL RIO  MUNICIPIO DE BALBOA, DEPARTAMENTO DEL  CAUCA","Cauca - Balboa","Pacifico","Cauca","Transporte","Infraestructura Red Vial Regional","Red Vial Terciaria",98.13,98.13,"Cerrado","Terminado",2017,66667,0,0,66667,100
"57","id_1009118","FORTALECIMIENTO DE LA INTERCOMUNICACIÓN REGIONAL A TRAVÉS DEL  MEJORAMIENTO DEL TRAMO BALBOA  EL MIRADOR PERTENECIENTE A LA RED VIAL TERCIARIA DEL MUNICIPIO DE   BALBOA, CAUCA","Cauca - Balboa","Pacifico","Cauca","Transporte","Infraestructura Red Vial Regional","Red Vial Terciaria",99.99,99.66,"Cerrado","Terminado",2019,748961,0,27387,776348,96.5
"58","id_369049","MEJORAMIENTO VÍAS TERCIARIAS MEDIANTE LA CONSTRUCCIÓN DE PLACA HUELLA EN EL CORREGIMIENTO LA PEDREGOSA Y VEREDA GUAYABAL CIMARRONA DEL MUNICIPIO DE   CAJIBÍO","Cauca - Cajibio","Pacifico","Cauca","Transporte","Infraestructura Red Vial Regional","Red Vial Terciaria",100,99.92,"Cerrado","Terminado",2017,659294,0,0,659294,100
"59","id_374549","CONSTRUCCIÓN PAVIMENTO RÍGIDO EN LA CRA 3 ENTRE CLL 2 Y CLL 3 Y OBRAS COMPLEMENTARIAS, EN LA CRA 1: 110 METROS LINEALES DESDE CLL 2 SALIDA VEREDA LAS ACACIAS, Y PLACA HUELLA SOBRE LA CRA 2 ENTRE CLL 1 Y CLL 2 CORREGIMIENTO SANTA LETICIA, PURACÉ,   CAUCA","Departamento De Cauca","Pacifico","Cauca","Transporte","Infraestructura Red Vial Regional","Red Vial Terciaria",100,99.97,"Cerrado","Terminado",2017,220902,0,0,220902,100
"60","id_718290","ESTUDIOS  Y DISEÑOS PARA LA CONSTRUCCIÓN DEL PAVIMENTO Y OBRAS COMPLEMENTARIAS ENTRE EL CRUCE DE LA VÍA PANAMERICANA Y LA VÍA A LA VEREDA SAN RAFAEL, DEL MUNICIPIO DE   SANTANDER DE QUILICHAO","Cauca - Santander De Quilichao","Pacifico","Cauca","Transporte","Infraestructura Red Vial Regional","Red Vial Terciaria",100,99.38,"Cerrado","Terminado",2018,33333,0,0,33333,100
"61","id_275673","ESTUDIO Y DISEÑOS PARA EL MEJORAMIENTO Y PAVIMENTACION DE LA VIA SUAREZ BETULIA DEL MUNICIPIO DE SUREZ, CAUCA,","Departamento De Cauca","Pacifico","Cauca","Transporte","Infraestructura Red Vial Regional","Red Vial Terciaria",100,100,"Cerrado","Terminado",2017,124817,0,0,124817,100
"62","id_523922","CONSTRUCCIÓN DE PAVIMENTO EN PLACA HUELLA, EN EL SECTOR DE LA LOMA, VEREDA URUBAMBA, MUNICIPIO DE TIMBIO, DEPARTAMENTO DEL  CAUCA","Departamento De Cauca","Pacifico","Cauca","Transporte","Infraestructura Red Vial Regional","Red Vial Terciaria",100,99.77,"Cerrado","Terminado",2018,145818,0,0,145818,100
"63","id_638485","MEJORAMIENTO DE LA VÍA TERCIARIA LOS MARTÍNEZ - LA LIBERTAD DEL KILÓMETRO 2 A LA ESCUELA LIBERTAD Y EL RAMAL QUE CONDUCE A LA ESCUELA LOS MARTÍNEZ EN EL MUNICIPIO DE CHIRIGUANÁ EN EL DEPARTAMENTO DEL  CESAR","Cesar - Chiriguana","Caribe","Cesar","Transporte","Infraestructura Red Vial Regional","Red Vial Terciaria",100,99.86,"Cerrado","Terminado",2018,2499998,0,0,2499998,100
"64","id_700023","REHABILITACIÓN VÍA URBANA DEL CENTRO POBLADO DEL CORREGIMIENTO DE CULEBRITA MEDIANTE LA CONSTRUCCIÓN DE PAVIMENTO EN CONCRETO RÍGIDO EN EL MUNICIPIO DE GONZALEZ  CESAR","Cesar - Gonzalez","Caribe","Cesar","Transporte","Infraestructura Red Vial Regional","Red Vial Terciaria",100,99.18,"Cerrado","Terminado",2018,43138,0,0,43138,100
"65","id_1005628","MEJORAMIENTO MEDIANTE CONSTRUCCIÓN DE PLACA HUELLA DE LA VÍA TERCIARIA QUE COMUNICA EL CORREGIMIENTO DE CULEBRITA Y EL CENTRO POBLADO DEL MUNICIPIO DE GONZÁLEZ -  CESAR","Cesar - Gonzalez","Caribe","Cesar","Transporte","Infraestructura Red Vial Regional","Red Vial Terciaria",100,99.23,"Cerrado","Terminado",2019,73330,0,0,73330,100
"66","id_700021","CONSTRUCCIÓN BOX COULVERT VÍA VEREDA COTORRERAS MUNICIPIO DE GONZÁLEZ  CESAR","Cesar - Gonzalez","Caribe","Cesar","Transporte","Infraestructura Red Vial Regional","Red Vial Terciaria",100,98.9,"Cerrado","Terminado",2018,35909,0,0,35909,100
"67","id_1019577","MEJORAMIENTO Y REHABILITACIÓN DE LA VÍA HACIA LA VEREDA COTORRERAS Y SECTOR PEDREGAL DEL CORREGIMIENTO DE SAN ISIDRO MEDIANTE CONSTRUCCIÓN DE PLACA HUELLA EN EL MUNICIPIO DE GONZÁLEZ  CESAR","Cesar - Gonzalez","Caribe","Cesar","Transporte","Infraestructura Red Vial Regional","Red Vial Terciaria",100,99.99,"Cerrado","Terminado",2019,76614,0,0,76614,100
"68","id_355317","MEJORAMIENTO , REHABILITACIÓN DEL EJE DE TRANSITABILIDAD Y CONSTRUCCIÓN DE PLACA HUELLA DE LA VÍA QUE CONDUCE A SORORIA BAJO Y ALTO EN LOS KM 4+100 AL KM4+360, KM4+600 Y KM6+300, DEL MUNICIPIO DE LA JAGUA DE IBIRICO,  CESAR","Cesar - La Jagua De Ibirico","Caribe","Cesar","Transporte","Infraestructura Red Vial Regional","Red Vial Terciaria",100,100,"Cerrado","Terminado",2017,1088510,0,0,1088510,100
"69","id_274220","FORTALECIMIENTO SOCIOECONOMICO REGIONAL MEDIANTE LA CONSTRUCCION DE VIAS PRIORIZADAS EN EL PLAN DEPARTAMENTAL VIA ISTMINA - PIE DE PEPE (MEDIO BAUDO) PR 5+00 AL PR 10+00","Región Pacífico","Pacifico","Chocó","Transporte","Infraestructura Red Vial Regional","Red Vial Terciaria",100,99.99,"Cerrado","Terminado",2016,5661035,0,0,5661035,100
"70","id_338385","CONSTRUCCIÓN DE 1000 METROS DE PAVIMENTO EN CONCRETO RÍGIDO EN LA VÍA DE ACCESO AL CORREGIMIENTO DE SAN ANTONIO, MUNICIPIO DE  ISTMINA","Choco - Istmina","Pacifico","Chocó","Transporte","Infraestructura Red Vial Regional","Red Vial Terciaria",100,99.92,"Cerrado","Terminado",2017,628115,0,0,628115,100
"71","id_377024","CONSTRUCCIÓN DE 210 METROS LINEALES DE PAVIMENTO EN CONCRETO RÍGIDO EN EL CORREGIMIENTO DE LA ITALIA - MUNICIPIO DE  SAN JOSÉ DEL PALMAR","Choco - San Jose Del Palmar","Pacifico","Chocó","Transporte","Infraestructura Red Vial Regional","Red Vial Terciaria",100,99.97,"Cerrado","Terminado",2017,180259,0,0,180259,100
"72","id_290277","MANTENIMIENTO , REHABILITACION Y CONSERVACION DE  LA VIA BUENAVISTA A TIERRASANTA  ETAPA I, EN LA ZONA RURAL  DEL MUNICIPIO DE BUENAVISTA, CRDOBA, CARIBE","Córdoba - Buenavista","Caribe","Córdoba","Transporte","Infraestructura Red Vial Regional","Red Vial Terciaria",100,100,"Cerrado","Terminado",2017,501438,0,0,501438,100
"73","id_370834","CONSTRUCCIÓN DE PLACA HUELLA EN EL CORREGIMIENTO DE SAN ANTONIO DEL TÁCHIRA MUNICIPIO DE  CIÉNAGA DE ORO, CÓRDOBA","Córdoba - Cienaga De Oro","Caribe","Córdoba","Transporte","Infraestructura Red Vial Regional","Red Vial Terciaria",100,99.54,"Cerrado","Terminado",2017,333333,0,0,333333,100
"74","id_524370","CONSTRUCCIÓN DE PLACA HUELLA Y REHABILITACIÓN DE LA VÍA QUE CONDUCE DESDE PUENTE MORALITO HASTA LA INTERSECCIÓN DIQUE DE PROTECCIÓN SAN PABLO DEL MUNICIPIO DE  COTORRA","Córdoba - Cotorra","Caribe","Córdoba","Transporte","Infraestructura Red Vial Regional","Red Vial Terciaria",100,99.96,"Cerrado","Terminado",2018,511333,0,0,511333,100
"75","id_291778","MEJORAMIENTO DE VÍAS TERCIARIAS MEDIANTE EL USO DE PLACA HUELLA EN EL MUNICIPIO DE LA APARTADA, DEPARTAMENTO DE  CÓRDOBA","Córdoba - La Apartada Y La Frontera","Caribe","Córdoba","Transporte","Infraestructura Red Vial Regional","Red Vial Terciaria",99.86,99.89,"Cerrado","Terminado",2017,591449,0,0,591449,100
"76","id_275406","MEJORAMIENTO DE LA VIA QUE CONDUCE DESDE LA INSTITUCION TECNICA AGRICOLA ITAL SEDE PRINCIPAL HACIA LA COMUNIDAD LAS ESTANCIAS-EL BOLAO ZONA RURAL DEL MUNICIPIO DE SANTA CRUZ DE LORICA, DEPARTAMENTO DE CORDOBA","Córdoba - Santa Cruz De Lorica","Caribe","Córdoba","Transporte","Infraestructura Red Vial Regional","Red Vial Terciaria",100,99.99,"Cerrado","Terminado",2016,90828,0,0,90828,100
"77","id_358169","ESTUDIOS TECNICOS PARA LA INTERCOMUNICACION VIAL ENTRE LA VEREDA SANTA LUCIA DE LAS GARITAS SECTR SAN JUAN Y EL CORREGIMIENTO DE SAN ANTERITO, PARA POTENCIAR EL DESARROLLO AGROPECUARIO DEL MUNICIPIO DE SANTA CRUZ DE LORICA, CORDOBA  LORICA","Córdoba - Santa Cruz De Lorica","Caribe","Córdoba","Transporte","Infraestructura Red Vial Regional","Red Vial Terciaria",100,99.82,"Cerrado","Terminado",2017,87609,0,0,87609,100
"78","id_980719","MEJORAMIENTO EN PLACA HUELLA DE PUNTOS DISCONTINUOS EN LA VIA SANTA LUCIA LAS GARITAS  - SAN ANTERITO, ZONA RURAL DEL MUNICIPIO DE   LORICA, CÓRDOBA","Córdoba - Santa Cruz De Lorica","Caribe","Córdoba","Transporte","Infraestructura Red Vial Regional","Red Vial Terciaria",100,98.46,"Cerrado","Terminado",2019,1327996,0,0,1327996,100
"79","id_1000969","MEJORAMIENTO DE VIA EN PAVIMENTO DE CONCRETO RIGIDO EN EL CORREGIMIENTO DE TIERRALTA TRAMIO I DEL MUNICIPIO DE  LORICA, CÓRDOBA","Córdoba - Santa Cruz De Lorica","Caribe","Córdoba","Transporte","Infraestructura Red Vial Regional","Red Vial Terciaria",100,95.35,"Cerrado","Terminado",2019,354722,0,0,354722,100
"80","id_335044","CONSTRUCCIÓN CON PAVIMENTO RÍGIDO DE LA VÍA DE ACCESO A LA VEREDA LA SALADA EN EL MUNICIPIO DE  LOS CÓRDOBAS","Córdoba - Los Cordobas","Caribe","Córdoba","Transporte","Infraestructura Red Vial Regional","Red Vial Terciaria",100,99.99,"Cerrado","Terminado",2017,389627,0,0,389627,100
"81","id_277179","MEJORAMIENTO DE VÍAS TERCIARIAS MEDIANTE EL USO DE PLACA HUELLA EN EL MUNICIPIO DE MOÑITOS, DEPARTAMENTO DE CÓRDOBA   MOÑITOS","Mo?Itos","Caribe","Córdoba","Transporte","Infraestructura Red Vial Regional","Red Vial Terciaria",100,100,"Cerrado","Terminado",2017,311458,0,0,311458,100
"82","id_589468","CONSTRUCCIÓN DE PLACA HUELLA EN LA RED VIAL RURAL DEL MUNICIPIO DE  MOÑITOS, CÓRDOBA","Mo?Itos","Caribe","Córdoba","Transporte","Infraestructura Red Vial Regional","Red Vial Terciaria",100,100,"Cerrado","Terminado",2018,1333333,0,0,1333333,100
"83","id_1002273","MEJORAMIENTO EN LA VIA TERCIARIA MEDIANTE LA CONSTRUCCIÓN DE PLACA HUELLA EN LA VÍA BROQUELES- BAJO BLANCO DEL MUNICIPIO DE MOÑITOS   CÓRDOBA","Mo?Itos","Caribe","Córdoba","Transporte","Infraestructura Red Vial Regional","Red Vial Terciaria",94.91,94.91,"Cerrado","Terminado",2019,188447,0,0,188447,100
"84","id_1030840","MEJORAMIENTO DE LA RED VIAL RURAL, MEDIANTE LA CONSTRUCCIÓN DE PLACA HUELLA EN EL MUNICIPIO DE  MOÑITOS, CÓRDOBA","Mo?Itos","Caribe","Córdoba","Transporte","Infraestructura Red Vial Regional","Red Vial Terciaria",100,100,"Cerrado","Terminado",2019,333333,0,0,333333,100
"85","id_1039472","CONSTRUCCIÓN DE BOX CULVERT SOBRE EL ARROYO LA PANCHA Y BRAZO DEL CANAL, EN LA VÍA QUE COMUNICA LOS CORREGIMIENTOS AGUAS VIVAS - LA PANCHA EN EL MUNICIPIO DE  PUERTO ESCONDIDO, CÓRDOBA","Córdoba - Puerto Escondido","Caribe","Córdoba","Transporte","Infraestructura Red Vial Regional","Red Vial Terciaria",100,92.19,"Cerrado","Terminado",2019,128006,0,0,128006,100
"86","id_290740","MEJORAMIENTO DE LA VÍA RURAL DE LAS BOCAS A LOS ROSALES DESDE EL KM 0+400 AL KM 4+415 EN EL DEPARTAMENTO DE CÓRDOBA, MUNICIPIO DE  SAHAGÚN","Córdoba - Sahagun","Caribe","Córdoba","Transporte","Infraestructura Red Vial Regional","Red Vial Terciaria",100,85.94,"Cerrado","Terminado",2017,117297,0,10703,128000,91.6
"87","id_336335","CONSTRUCCIÓN DE DOS BOXCOULVERTS EN LAS VÍAS RURALES DEL DEPARTAMENTO DE CÓRDOBA EN EL MUNICIPIO DE  SAHAGÚN","Córdoba - Sahagun","Caribe","Córdoba","Transporte","Infraestructura Red Vial Regional","Red Vial Terciaria",100,99.96,"Cerrado","Terminado",2017,103583,0,0,103583,100
"88","id_498470","CONSTRUCCIÓN DE PLACA HUELLA EN DIFERENTES PUNTOS DE LA RED VIAL RURAL DEL MUNICIPIO DE  SAHAGÚN, CÓRDOBA","Córdoba - Sahagun","Caribe","Córdoba","Transporte","Infraestructura Red Vial Regional","Red Vial Terciaria",100,99.99,"Cerrado","Terminado",2018,953192,0,0,953192,100
"89","id_719255","CONSTRUCCIÓN DE PLACA HUELLA EN EL CORREGIMIENTO EL CRUCERO, ZONA RURAL DEL MUNICIPIO DE  SAHAGÚN, CÓRDOBA","Córdoba - Sahagun","Caribe","Córdoba","Transporte","Infraestructura Red Vial Regional","Red Vial Terciaria",99.95,99.95,"Cerrado","Terminado",2018,246774,0,0,246774,100
"90","id_741010","CONSTRUCCIÓN DE PLACA HUELLA EN EL CORREGIMIENTO DE SABANETA, ZONA RURAL DEL MUNICIPIO DE  SAHAGÚN, CÓRDOBA","Córdoba - Sahagun","Caribe","Córdoba","Transporte","Infraestructura Red Vial Regional","Red Vial Terciaria",99.97,99.97,"Cerrado","Terminado",2018,700000,0,0,700000,100
"91","id_498626","REHABILITACIÓN Y MEJORAMIENTO EN MATERIAL SELECCIONADO Y PLACA HUELLA DE TRAMOS VIALES QUE COMUNICAN A LOS CORREGIMIENTOS DE TIJERETAS, BAJO GRANDE, EL NARANJO Y SAN JOSE CON LA RUTA 90 EN EL MUNICIPIO DE SAN ANTERO DEPARTAMENTO DE  CÓRDOBA","Córdoba - San Antero","Caribe","Córdoba","Transporte","Infraestructura Red Vial Regional","Red Vial Terciaria",100,100,"Cerrado","Terminado",2018,999703,0,0,999703,100
"92","id_498613","REHABILITACIÓN Y CONSTRUCCIÓN DE PLACA HUELLA Y PAVIMENTO RÍGIDO EN LOS BARRIOS VILLA ESTRELLA, 22 DE JUNIO, PETARE, 9 DE ENERO DEL CASCO URBANO Y EN LOS CORREGIMIENTOS DE PEÑON, TIJERETA, NUEVO AGRADO Y BIJAITO, DEL MUNICIPIO DE   SAN ANTERO","Córdoba - San Antero","Caribe","Córdoba","Transporte","Infraestructura Red Vial Regional","Red Vial Terciaria",100,100,"Cerrado","Terminado",2018,1096232,0,0,1096232,100
"93","id_554202","CONSTRUCCIÓN DE PLACA HUELLA EN DIFERENTES PUNTOS DE LA RED VIAL RURAL DEL MUNICIPIO DE  SAN ANTERO, CÓRDOBA","Córdoba - San Antero","Caribe","Córdoba","Transporte","Infraestructura Red Vial Regional","Red Vial Terciaria",100,100,"Cerrado","Terminado",2018,1333333,0,0,1333333,100
"94","id_568485","CONSTRUCCIÓN  DE PAVIMENTO EN CRAS 12 Y 13 ENTRE CLLS 1 Y TRONCAL CARIBE Y CLLS 1 Y 1A ENTRE CRAS 12 Y 13 DEL CORREGIMIENTO EL PORVENIR, MUNICIPIO DE   SAN ANTERO, CÓRDOBA","Córdoba - San Antero","Caribe","Córdoba","Transporte","Infraestructura Red Vial Regional","Red Vial Terciaria",100,100,"Cerrado","Terminado",2018,281669,0,0,281669,100
"95","id_757773","CONSTRUCCIÓN DE PLACA HUELLA Y OBRAS COMPLEMENTARIAS  EN DIFERENTES PUNTOS DE LA RED VIAL RURAL EN LA VEREDA LETICA  Y EL CORREGIMIENTO SANTA CRUZ EN EL MUNICIPIO DE  SAN ANTERO, CÓRDOBA","Córdoba - San Antero","Caribe","Córdoba","Transporte","Infraestructura Red Vial Regional","Red Vial Terciaria",100,100,"Cerrado","Terminado",2018,732774,0,0,732774,100
"96","id_1011180","MEJORAMIENTO DE LA VÍA TERCIARIA QUE CONDUCE AL CORREGIMIENTO DE BIJAITO MEDIANTE LA CONSTRUCCIÓN DE PLACA HUELLA EN EL MUNICIPIO DE   SAN ANTERO, CÓRDOBA","Córdoba - San Antero","Caribe","Córdoba","Transporte","Infraestructura Red Vial Regional","Red Vial Terciaria",98.97,98.97,"Cerrado","Terminado",2019,142653,0,0,142653,100
"97","id_274895","MEJORAMIENTO Y MANTENIMIENTO DE LOS TRAMOS DE VÍAS RURALES ARROYO GRANDE-ARROYO NEGRO; LOMA AMERICANA-LA APARTADA TREMENTINO ABAJO POR SAN JOSE, ZONA RURAL DEL MUNICIPIO DE SAN CARLOS, DEPARTAMENTO DE CORDOBA","Córdoba - San Carlos","Caribe","Córdoba","Transporte","Infraestructura Red Vial Regional","Red Vial Terciaria",100,100,"Cerrado","Terminado",2016,711185,0,0,711185,100
"98","id_372780","REHABILITACIÓN Y CONSTRUCCIÓN DE PLACA HUELLA DE LA VÍA QUE CONDUCE DESDE CALLE MAR HASTA LA APARTADA TREMENTINOS, PASANDO POR CASTILLO Y LOS LORANOS, ZONA RURAL DEL MUNICIPIO DE   SAN CARLOS","Córdoba - San Carlos","Caribe","Córdoba","Transporte","Infraestructura Red Vial Regional","Red Vial Terciaria",100,99.99,"Cerrado","Terminado",2017,633333,0,0,633333,100
"99","id_376433","REHABILITACIÓN DE LA VÍA QUE CONDUCE DESDE LA APARTADA SAN MIGUEL HASTA LA VEREDA RABO LARGO, MUNICIPIO DE   SAN CARLOS","Córdoba - San Carlos","Caribe","Córdoba","Transporte","Infraestructura Red Vial Regional","Red Vial Terciaria",100,100,"Cerrado","Terminado",2017,233333,0,0,233333,100
"100","id_524240","MEJORAMIENTO DE LA VÍA QUE CONDUCE DEL CASCO URBANO DEL MUNICIPIO DE SAN JOSÉ DE URÉ AL CORREGIMIENTO VIERA ABAJO, PERTENECIENTE AL MUNICIPIO DE SAN JOSÉ DE URÉ, DEPARTAMENTO DE  CÓRDOBA","Córdoba - San Jose De Ure","Caribe","Córdoba","Transporte","Infraestructura Red Vial Regional","Red Vial Terciaria",100,99.63,"Cerrado","Terminado",2018,632041,0,0,632041,100
"101","id_741243","ESTUDIOS Y DISEÑOS PARA LA CONSTRUCCIÓN DE PUENTE VEHÍCULAR SOBRE LA QUEBRADA URÉ A LA ALTURA DEL CORREGIMIENTO DE VERSALLES, MUNICIPIO DE SAN JOSÉ DE URÉ,   CÓRDOBA","Córdoba - San Jose De Ure","Caribe","Córdoba","Transporte","Infraestructura Red Vial Regional","Red Vial Terciaria",100,100,"Cerrado","Terminado",2018,178333,0,0,178333,100
"102","id_369942","REHABILITACIÓN EN AFIRMADO Y PLACAHUELLA DE LA VÍA CARRETAL, VILLA NUEVA, LOVERAN, SABANA NUEVA, SANTANDER DE LA CRUZ Y NUEVA COLOMBIA, ZONA RURAL DEL MUNICIPIO DE  TUCHÍN","Córdoba - Tuchin","Caribe","Córdoba","Transporte","Infraestructura Red Vial Regional","Red Vial Terciaria",100,99.99,"Cerrado","Terminado",2017,891067,0,0,891067,100
"103","id_340036","MEJORAMIENTO DE LAS VIAS TERCIARIAS EN LA VEREDA SANTA BARBARA SECTOR ZARAGOZA DEL MUNICIPIO DE  ARBELÁEZ","Cundinamarca - Arbelaez","Centro Oriente","Cundinamarca","Transporte","Infraestructura Red Vial Regional","Red Vial Terciaria",93.33,99.97,"Cerrado","Terminado",2017,123971,0,0,123971,100
"104","id_981374","MEJORAMIENTO DE LAS VÍAS TERCIARIAS DE LAS VEREDAS SANTA HELENA, SANTA LUCIA, GUASIMAL, SABANETA, CARRIZAL, SAN RAIMUNDO DE LA ZONA RURAL DEL MUNICIPIO DE GRANADA,   CUNDINAMARCA","Cundinamarca - Granada","Centro Oriente","Cundinamarca","Transporte","Infraestructura Red Vial Regional","Red Vial Terciaria",100,100,"Cerrado","Terminado",2019,237001,0,0,237001,100
"105","id_524077","CONSTRUCCIÓN DE PLACA HUELLAS EN LAS VÍAS TERCIARIAS DE LAS VEREDAS TRIGO, PUEBLO VIEJO Y RESGUARDO, DEL MUNICIPIO DE GUAYABAL DE SÍQUIMA - DEPARTAMENTO DE  CUNDINAMARCA","Cundinamarca - Guayabal De Siquima","Centro Oriente","Cundinamarca","Transporte","Infraestructura Red Vial Regional","Red Vial Terciaria",91.09,100,"Cerrado","Terminado",2018,218136,0,0,218136,100
"106","id_382324","CONSTRUCCIÓN DE PLACA HUELLA EN LA VEREDA MINIPI, SECTOR MATEPIÑUELA EN EL MUNICIPIO DE LA PEÑA,  CUNDINAMARCA","La Pena","Centro Oriente","Cundinamarca","Transporte","Infraestructura Red Vial Regional","Red Vial Terciaria",100,99.96,"Cerrado","Terminado",2017,319778,0,0,319778,100
"107","id_998119","MEJORAMIENTO DE VÍA TERCIARIA QUE COMUNICA LA VEREDA COYABO CON LA VEREDA BUENOS AIRES DESDE EL SECTOR EL NOPAL HASTA EL SECTOR LA VIRGEN DEL MUNICIPIO DE LA PEÑA,  CUNDINAMARCA","La Pena","Centro Oriente","Cundinamarca","Transporte","Infraestructura Red Vial Regional","Red Vial Terciaria",100,99.07,"Cerrado","Terminado",2019,209067,0,0,209067,100
"108","id_496680","MEJORAMIENTO DE LA VÍA QUE CONDUCE DE LENGUAZAQUE A LIMITES CUCUNUBA MUNICIPIO DE  LENGUAZAQUE, CUNDINAMARCA","Cundinamarca - Lenguazaque","Centro Oriente","Cundinamarca","Transporte","Infraestructura Red Vial Regional","Red Vial Terciaria",100,99.81,"Cerrado","Terminado",2018,81170,0,1637,82807,98
"109","id_357308","CONSTRUCCIÓN DE PLACA HUELLA EN LAS VEREDAS CÁLAMO, CAÑADITAS, CHAGUANI, TOBIA GRANDE Y CAÑADAS QUE COMUNICAN CON EL CASCO URBANO DELMUNICIPIO DE NIMAIMA,  CUNDINAMARCA","Cundinamarca - Nimaima","Centro Oriente","Cundinamarca","Transporte","Infraestructura Red Vial Regional","Red Vial Terciaria",100,99.98,"Cerrado","Terminado",2017,173060,0,0,173060,100
"110","id_302851","CONSTRUCCIÓN DE PLACA HUELLA EN LAS VEREDAS GUAMAL ALTO Y GUAMAL BAJO EN EL MUNICIPIO DE   QUETAME","Cundinamarca - Quetame","Centro Oriente","Cundinamarca","Transporte","Infraestructura Red Vial Regional","Red Vial Terciaria",100,99.97,"Cerrado","Terminado",2017,200224,0,0,200224,100
"111","id_352412","MEJORAMIENTO DE VÍAS RURALES, MEDIANTE LA CONSTRUCCIÓN DE PLACA HUELLAS EN EL MUNICIPIO DE   SESQUILÉ","Cundinamarca - Sesquile","Centro Oriente","Cundinamarca","Transporte","Infraestructura Red Vial Regional","Red Vial Terciaria",100,93.07,"Cerrado","Terminado",2017,498840,0,0,498840,100
"112","id_496001","MEJORAMIENTO DE VÍA TERCIARIA MEDIANTE EL USO DE PLACA HUELLA EN LA VEREDA RESGUARDO DEL MUNICIPIO DE TIBIRITA  CUNDINAMARCA","Cundinamarca - Tibirita","Centro Oriente","Cundinamarca","Transporte","Infraestructura Red Vial Regional","Red Vial Terciaria",100,94.59,"Cerrado","Terminado",2018,72244,0,0,72244,100
"113","id_524353","MEJORAMIENTO DE VÍAS TERCIARIAS MEDIANTE EL USO DE PLACA HUELLA EN EL SECTOR RURAL DEL MUNICIPIO DE YACOPÍDEPARTAMENTO DE   CUNDINAMARCA","Cundinamarca - Yacopi","Centro Oriente","Cundinamarca","Transporte","Infraestructura Red Vial Regional","Red Vial Terciaria",100,100,"Cerrado","Terminado",2018,719108,0,0,719108,100
"114","id_337984","ESTUDIOS Y DISEÑOS DEL PUENTE VEHICULAR Y OBRAS COMPLEMENTARIAS, SOBRE EL CAÑO AGUA BONITA MEDIA, REA RURAL DEL MUNICIPIO DE CALAMAR, GUAVIARE.","Departamento De Guaviare","Del Llano","Guaviare","Transporte","Infraestructura Red Vial Regional","Red Vial Terciaria",100,99.89,"Cerrado","Terminado",2017,96333,0,0,96333,100
"115","id_500829","CONSTRUCCIÓN DE OBRAS DE INFRAESTRUCTURA VIAL PARA MEJORAR LA TRANSITABILIDAD RURAL  EN  LOS MUNICIPIOS DE SAN JOSE DEL GUAVIARE Y EL RETORNO, DEPARTAMENTO DEL   GUAVIARE","Región Del Llano","Del Llano","Guaviare","Transporte","Infraestructura Red Vial Regional","Red Vial Terciaria",99.73,99.71,"Cerrado","Terminado",2018,1071238,0,0,1071238,100
"116","id_274581","CONSTRUCCIÓN DE PLACA HUELLA ZONA RURAL DEL MUNICIPIO DE PALESTINA DEPARTAMENTO DEL HUILA.","Departamento De Huila","Centro Sur","Huila","Transporte","Infraestructura Red Vial Regional","Red Vial Terciaria",100,100,"Cerrado","Terminado",2016,536951,0,34926,571877,93.9
"117","id_432967","CONSTRUCCIÓN PUENTES SOBRE LA QUEBRADA  AGUACATAL,  LA QUEBRADA LA ISLA Y LA QUEBRADA ZAPATERO EN EL MUNICIPIO DE   LA PLATA","Huila - La Plata","Centro Sur","Huila","Transporte","Infraestructura Red Vial Regional","Red Vial Terciaria",100,100,"Cerrado","Terminado",2017,572757,0,0,572757,100
"118","id_372886","CONSTRUCCIÓN DE PLACA HUELLA VEREDA LA LAJA Y ALTO CALOTO DEL MUNICIPIO DE PAICOL DEPARTAMENTO DEL  HUILA","Huila - Paicol","Centro Sur","Huila","Transporte","Infraestructura Red Vial Regional","Red Vial Terciaria",100,99.91,"Cerrado","Terminado",2017,158136,0,0,158136,100
"119","id_1034053","CONSTRUCCIÓN PLACA HUELLA PARA LA PAZ MUNICIPIO DE  PAICOL, HUILA","Huila - Paicol","Centro Sur","Huila","Transporte","Infraestructura Red Vial Regional","Red Vial Terciaria",100,99.98,"Cerrado","Terminado",2019,82534,0,0,82534,100
"120","id_756323","CONSTRUCCIÓN DE PAVIMENTO EN CONCRETO RIGIDO PARA LOS CENTROS POBLADOS DE GALLARDO Y GUAYABAL DEL MUNICIPIO DE SUAZA DEPARTAMENTO DEL   HUILA","Huila - Suaza","Centro Sur","Huila","Transporte","Infraestructura Red Vial Regional","Red Vial Terciaria",100,99.96,"Cerrado","Terminado",2018,537513,0,0,537513,100
"121","id_288365","REHABILITACIÓN Y MEJORAMIENTO DE LA VÍA QUE VA DESDE URIBIA AL CERRO DE LA TETA MEDIANTE LA CONSTRUCCIÓN DE PLACA HUELLA, EN EL MUNICIPIO DE  URIBIA","La Guajira - Uribia","Caribe","La Guajira","Transporte","Infraestructura Red Vial Regional","Red Vial Terciaria",100,99.97,"Cerrado","Terminado",2017,250485,0,0,250485,100
"122","id_503800","CONSTRUCCIÓN DE PLACA HUELLA PARA EL MEJORAMIENTO DE LAS VÍAS TERCIARIAS EN LA VÍA A LA COMUNIDAD INDÍGENA DE PUAY, MUNICIPIO DE    URIBIA, LA GUAJIRA","La Guajira - Uribia","Caribe","La Guajira","Transporte","Infraestructura Red Vial Regional","Red Vial Terciaria",100,99.94,"Cerrado","Terminado",2018,483555,0,0,483555,100
"123","id_637763","CONSTRUCCIÓN DE PLACA HUELLA PARA EL MEJORAMIENTO DE LAS VÍAS TERCIARIAS EN LA VÍA A LA COMUNIDAD INDIGENA DE SAMURRERAP MUNICIPIO DE   URIBIA, LA GUAJIRA","La Guajira - Uribia","Caribe","La Guajira","Transporte","Infraestructura Red Vial Regional","Red Vial Terciaria",100,99.98,"Cerrado","Terminado",2018,499502,0,0,499502,100
"124","id_997739","MEJORAMIENTO DE LA INFRAESTRUCTURA VIAL MEDIANTE PLACA HUELLA EN LA VÍA QUE CONDUCE, ENTRE LA SALIDA DE LA PLANTA DE TRATAMIENTO DE AGUA POTABLE PTAP DEL SISTEMA DE ACUEDUCTO,  AL CASCO URBANO DEL MUNICIPIO DE VILLANUEVA DEPARTAMENTO DE   LA GUAJIRA","La Guajira - Villanueva","Caribe","La Guajira","Transporte","Infraestructura Red Vial Regional","Red Vial Terciaria",100,99.98,"Cerrado","Terminado",2019,160111,0,0,160111,100
"125","id_636503","MANTENIMIENTO MEJORAMIENTO Y ADECUACIÓN DE LA VIA QUE DESDE EL PUNTO DENOMINADO PUENTE AMARILLO CONDUCE A LA VEREDA NUEVO PROGRESO DEL MUNICIPIO DE  SAN JUAN DE ARAMA","Meta - San Juan De Arama","Del Llano","Meta","Transporte","Infraestructura Red Vial Regional","Red Vial Terciaria",100,100,"Cerrado","Terminado",2018,30349,0,0,30349,100
"126","id_1041316","MEJORAMIENTO VIAL MEDIANTE LA CONSTRUCCIÓN DE PLACA HUELLA EN EL TRAMO DE LA VEREDA SAN LUIS DEL MUNICIPIO DE SAN JOSE DE  ALBÁN, NARIÑO","Nariño - Alban/San Jose","Pacifico","Nariño","Transporte","Infraestructura Red Vial Regional","Red Vial Terciaria",100,99.99,"Cerrado","Terminado",2019,81112,0,0,81112,100
"127","id_337371","CONSTRUCCIÓN PLACA HUELLA EN LA VÍA CAUPUERÁN - SANTA MARÍA, MUNICIPIO DE   ALDANA","Nariño - Aldana","Pacifico","Nariño","Transporte","Infraestructura Red Vial Regional","Red Vial Terciaria",100,99.99,"Cerrado","Terminado",2017,65710,0,0,65710,100
"128","id_701520","CONSTRUCCIÓN DE PLACA HUELLA PARA EL MEJORAMIENTO DE LA VÍA DE ACCESO ROSAFLORIDA SUR MUNICIPIO DE  ARBOLEDA, NARIÑO","Nariño - Arboleda/Berruecos","Pacifico","Nariño","Transporte","Infraestructura Red Vial Regional","Red Vial Terciaria",100,99.99,"Cerrado","Terminado",2018,149998,0,0,149998,100
"129","id_702903","CONSTRUCCIÓN PLACA HUELLA DE LA VÍA QUE COMUNICA A BERRUECOS CON LA VEREDA CHIRIURCO EN EL MUNICIPIO DE   ARBOLEDA","Nariño - Arboleda/Berruecos","Pacifico","Nariño","Transporte","Infraestructura Red Vial Regional","Red Vial Terciaria",100,99.89,"Cerrado","Terminado",2019,151935,0,0,151935,100
"130","id_369521","CONSTRUCCIÓN DE PAVIMENTO RÍGIDO DE VÍAS URBANAS EN LA AVENIDA LLORENTE ENTRE CARRERAS 11 Y 12 EN EL MUNICIPIO DE  CUMBAL","Nariño - Cumbal","Pacifico","Nariño","Transporte","Infraestructura Red Vial Regional","Red Vial Terciaria",100,98.6,"Cerrado","Terminado",2017,111132,0,0,111132,100
"131","id_454478","CONSTRUCCIÓN DE PLACA HUELLA EN LA VEREDA BELÉN DEL MUNICIPIO DE EL TABLÓN DE GÓMEZ DEPARTAMENTO DE  NARIÑO","Nariño - El Tablon De Gomez","Pacifico","Nariño","Transporte","Infraestructura Red Vial Regional","Red Vial Terciaria",100.12,99.96,"Cerrado","Terminado",2017,72825,0,0,72825,100
"132","id_996913","MEJORAMIENTO CON PLACA HUELLA DE LAS CONDICIONES DE MOVILIDAD Y TRANSITABILIDAD DE UN TRAMO DE LA VÍA DEL CORREGIMIENTO DE LA CUEVA, MUNICIPIO DE  EL TABLON","Nariño - El Tablon De Gomez","Pacifico","Nariño","Transporte","Infraestructura Red Vial Regional","Red Vial Terciaria",100,99.97,"Cerrado","Terminado",2019,83332,0,0,83332,100
"133","id_998136","ADECUACIÓN MEDIANTE LA CONSTRUCCIÓN DE PLACA HUELLA DE LA ENTRADA AL COLISEO DE APONTE MUNICIPIO DE EL TABLÓN DE GÓMEZ  - DEPARTAMENTO DE  NARIÑO","Nariño - El Tablon De Gomez","Pacifico","Nariño","Transporte","Infraestructura Red Vial Regional","Red Vial Terciaria",100,100,"Cerrado","Terminado",2019,51497,0,0,51497,100
"134","id_1011096","ADECUACIÓN MEDIANTE LA CONSTRUCCIÓN DE PLACA HUELLA DE LA VÍA DE ACCESO A LA VEREDA LAS ARADAS, CORREGIMIENTO DE LA CUEVA, MUNICIPIO DE EL TABLÓN DE GÓMEZ, DEPARTAMENTO DE  NARIÑO","Nariño - El Tablon De Gomez","Pacifico","Nariño","Transporte","Infraestructura Red Vial Regional","Red Vial Terciaria",100,100,"Cerrado","Terminado",2019,48667,0,0,48667,100
"135","id_1009506","ADECUACIÓN MEDIANTE LA CONSTRUCCIÓN DE PAVIMENTO EN CONCRETO RÍGIDO DE LA VÍA SALIDA A LA VICTORIA EN EL CASCO URBANO DEL MUNICIPIO DE EL TABLÓN DE GÓMEZ-  NARIÑO","Nariño - El Tablon De Gomez","Pacifico","Nariño","Transporte","Infraestructura Red Vial Regional","Red Vial Terciaria",100,99.99,"Cerrado","Terminado",2019,128992,0,0,128992,100
"136","id_372952","CONSTRUCCIÓN PLACA HUELLA EN VÍA TERCIARIA QUE DE LA VEREDA CUATRO ESQUINAS CONDUCE AL SECTOR LA INMACULADA DEL MUNICIPIO DE GUAITARILLA -  NARIÑO","Nariño - Guaitarilla","Pacifico","Nariño","Transporte","Infraestructura Red Vial Regional","Red Vial Terciaria",100,99.98,"Cerrado","Terminado",2017,94170,0,0,94170,100
"137","id_1010048","PAVIMENTACIÓN EN CONCRETO HIDRÁULICO DEL CENTRO POBLADO DE LA VEREDA BELLAVISTA-CORREGIMIENTO EL RODEO- MUNICIPIO DE LA FLORIDA DEPARTAMENTO DE  NARIÑO","Nariño - La Florida","Pacifico","Nariño","Transporte","Infraestructura Red Vial Regional","Red Vial Terciaria",99.86,99.86,"Cerrado","Terminado",2019,53333,0,0,53333,100
"138","id_592021","CONSTRUCCIÓN DE CALLE PUENTE PARA EL TRANSITO PEATONAL EN EL RESGUARDO INDIGENA SAN JUAN PAMPON ZONA RURAL DEL MUNICIPIO DE LA TOLA, DEPARTAMENTO DE   NARIÑO","Nariño - La Tola","Pacifico","Nariño","Transporte","Infraestructura Red Vial Regional","Red Vial Terciaria",100,100,"Cerrado","Terminado",2018,178367,0,0,178367,100
"139","id_455722","MEJORAMIENTO Y CONSTRUCCIÓN EN PLACA HUELLA DE LA VÍA YAMUESQUER K0+000 AL K0+435, MUNICIPIO DE  POTOSÍ","Nariño - Potosi","Pacifico","Nariño","Transporte","Infraestructura Red Vial Regional","Red Vial Terciaria",100,99.98,"Cerrado","Terminado",2017,167156,0,0,167156,100
"140","id_382253","CONSTRUCCIÓN PAVIMENTO EN PLACA HUELLA DE LA VIA PROVIDENCIA - EL ROSARIO ALTO. MUNICIPIO DE PROVIDENCIA - DEPARTAMENTO DE  NARIÑO","Nariño - Providencia","Pacifico","Nariño","Transporte","Infraestructura Red Vial Regional","Red Vial Terciaria",100,99.95,"Cerrado","Terminado",2017,244928,0,0,244928,100
"141","id_638372","MEJORAMIENTO DEL TRAMO VIAL RICAURTE-SAN PABLO MEDIANTE EL USO DE PLACA HUELLA DEL K 0+100 AL K 0+540, MUNICIPIO DE  RICAURTE","Nariño - Ricaurte","Pacifico","Nariño","Transporte","Infraestructura Red Vial Regional","Red Vial Terciaria",100,99.99,"Cerrado","Terminado",2018,216642,0,0,216642,100
"142","id_453236","PAVIMENTACIÓN DE LA AVENIDA PERIMETRAL SESQUICENTENARIO DEL MUNICIPIO DE SAMANIEGO, DEPARTAMENTO DE  NARIÑO","Nariño - Samaniego","Pacifico","Nariño","Transporte","Infraestructura Red Vial Regional","Red Vial Terciaria",93.11,100,"Cerrado","Terminado",2017,766665,0,0,766665,100
"143","id_526396","MEJORAMIENTO DE LAS VIAS TERCIARIAS EN EL MUNICIPIO DE   SAMANIEGO","Nariño - Samaniego","Pacifico","Nariño","Transporte","Infraestructura Red Vial Regional","Red Vial Terciaria",100,99.96,"Cerrado","Terminado",2018,485667,0,0,485667,100
"144","id_788178","MEJORAMIENTO EN PLACA HUELLA DE LA VÍA VEREDA LLANOS CHIQUITOS MUNICIPIO DE  SAN PABLO","Nariño - San Pablo","Pacifico","Nariño","Transporte","Infraestructura Red Vial Regional","Red Vial Terciaria",100,99.95,"Cerrado","Terminado",2019,68351,0,0,68351,100
"145","id_699129","ADECUACIÓN MEDIANTE LA CONSTRUCCIÓN DE PLACA HUELLA DE LAS VÍAS DE LAS VEREDAS BUENOS AIRES Y ARENAL DEL MUNICIPIO DE  SAN PEDRO DE CARTAGO","Nariño - San Pedro De Cartago","Pacifico","Nariño","Transporte","Infraestructura Red Vial Regional","Red Vial Terciaria",100,99.82,"Cerrado","Terminado",2018,204249,0,0,204249,100
"146","id_1004223","CONSTRUCCIÓN DE PLACA HUELLA EN LA VÍA INGENIO CENTRO - PLAN INGENIO DEL MUNICIPIO DE  SANDONÁ, NARIÑO","Nariño - Sandona","Pacifico","Nariño","Transporte","Infraestructura Red Vial Regional","Red Vial Terciaria",100,99.88,"Cerrado","Terminado",2019,46688,0,0,46688,100
"147","id_508766","MEJORAMIENTO DE LAS VÍAS TERCIARIAS DEL MUNICIPIO DE   SANTA CRUZ","Nariño - Santa Cruz/Guachaves","Pacifico","Nariño","Transporte","Infraestructura Red Vial Regional","Red Vial Terciaria",100,99.92,"Cerrado","Terminado",2018,397038,0,0,397038,100
"148","id_334968","CONSTRUCCIÓN DE PLACA HUELLA EN LAS VÍAS TERCIARIAS DE LA FLORESTA Y EL ESPINO EN EL MUNICIPIO DE  SAPUYES","Nariño - Sapuyes","Pacifico","Nariño","Transporte","Infraestructura Red Vial Regional","Red Vial Terciaria",100,99.99,"Cerrado","Terminado",2017,126272,0,0,126272,100
"149","id_377564","CONSTRUCCIÓN PLACA HUELLA Y OBRAS DE DRENAJE DE LA VÍA VEREDA TAMBORCILLO MUNICIPIO DE TANGUA   NARIÑO","Nariño - Tangua","Pacifico","Nariño","Transporte","Infraestructura Red Vial Regional","Red Vial Terciaria",100,99.96,"Cerrado","Terminado",2017,108125,0,0,108125,100
"150","id_784886","CONSTRUCCIÓN CALLE VIA PRINCIPAL DE LA VEREDA CHAJAL DEL MUNICIPIO DE SAN ANDRES DE  TUMACO","Nariño - Tumaco","Pacifico","Nariño","Transporte","Infraestructura Red Vial Regional","Red Vial Terciaria",99.89,98.66,"Cerrado","Terminado",2019,375610,0,0,375610,100
"151","id_1010779","PAVIMENTACIÓN MEDIANTE EL USO DE PLACA HUELLA DE UN TRAMO DE LA VÍA VEREDA MOHECHIZA ALTO SECTOR URBANIZACIÓN MOHECHIZA - ESCUELA MOHECHIZA ALTO   YACUANQUER","Nariño - Yacuanquer","Pacifico","Nariño","Transporte","Infraestructura Red Vial Regional","Red Vial Terciaria",100,99.64,"Cerrado","Terminado",2019,228958,0,0,228958,100
"152","id_590542","CONSTRUCCIÓN PUENTE VEHICULAR SOBRE LA QUEBRADA GRANDE VEREDA BRISAS DEL TARRA EN EL MUNICIPIO DE ABREGO,   NORTE DE SANTANDER","Norte De Santander - Abrego","Centro Oriente","Norte De Santander","Transporte","Infraestructura Red Vial Regional","Red Vial Terciaria",100,99.96,"Cerrado","Terminado",2018,325023,0,0,325023,100
"153","id_589998","CONSTRUCCIÓN DE PLACA HUELLA EN LA VEREDA PEDREGAL, DEL MUNICIPIO DE   CUCUTILLA, NORTE DE SANTANDER","Norte De Santander - Cucutilla","Centro Oriente","Norte De Santander","Transporte","Infraestructura Red Vial Regional","Red Vial Terciaria",100,99.99,"Cerrado","Terminado",2018,111300,0,0,111300,100
"154","id_510510","MEJORAMIENTO DE VÍAS MEDIANTE EL USO DE PLACA HUELLAS EN LOS SECTORES LA HAMACA-BUENAVISTA Y LA HAMACA- SEPULTURAS, PERTENECIENTES A LA RED TERCIARIA DEL MUNICIPO DE   DURANIA, NORTE DE SANTANDER","Norte De Santander - Durania","Centro Oriente","Norte De Santander","Transporte","Infraestructura Red Vial Regional","Red Vial Terciaria",100,100,"Cerrado","Terminado",2018,332207,0,0,332207,100
"155","id_526259","CONSTRUCCIÓN PUENTE COLGANTE PEATONAL SOBRE EL RÍO PIÑUÑA BLANCO, EN LA VEREDA ALPES ORIENTALES, MUNICIPIO DE PUERTO CAICEDO, DEPARTAMENTO DEL  PUTUMAYO","Putumayo - Puerto Caicedo","Centro Sur","Putumayo","Transporte","Infraestructura Red Vial Regional","Red Vial Terciaria",100,99.98,"Cerrado","Terminado",2018,126439,0,0,126439,100
"156","id_340617","CONSTRUCCIÓN PUENTE VEHICULAR SOBRE EL RIO ALGUACIL, MUNICIPIO DE VILLAGARZON DEPARTAMENTO DEL  PUTUMAYO","Putumayo - Villagarzon","Centro Sur","Putumayo","Transporte","Infraestructura Red Vial Regional","Red Vial Terciaria",100,100,"Cerrado","Terminado",2017,1166665,0,0,1166665,100
"157","id_758480","MEJORAMIENTO DE LA VÍA DE ACCESO AL RESGUARDO FLOR DE MONTE EN LA VEREDA LA FLORIDA DEL MUNICIPIO DE   BELÉN DE UMBRÍA","Risaralda - Belen De Umbria","Eje Cafetero","Risaralda","Transporte","Infraestructura Red Vial Regional","Red Vial Terciaria",100,99.95,"Cerrado","Terminado",2018,71734,0,0,71734,100
"158","id_636064","MEJORAMIENTO DE LA RED VIAL TERCIARIA DEL MUNICIPIO DE  SANTUARIO","Risaralda - Santuario","Eje Cafetero","Risaralda","Transporte","Infraestructura Red Vial Regional","Red Vial Terciaria",100,100,"Cerrado","Terminado",2018,499933,0,0,499933,100
"159","id_336405","CONSTRUCCIÓN DE PLACA HUELLAS EN CONCRETO EN LA VEREDA CLAVELLINAS DEPARTAMENTO DE SANTANDER MUNICIPIO DE   ARATOCA","Santander - Aratoca","Centro Oriente","Santander","Transporte","Infraestructura Red Vial Regional","Red Vial Terciaria",99.64,99.96,"Cerrado","Terminado",2017,68000,0,0,68000,100
"160","id_340144","CONSTRUCCIÓN DE PLACA HUELLA VEREDA EL GUAYABAL SECTOR EL GUAMAL, MUNICIPIO DE  BARICHARA","Santander - Barichara","Centro Oriente","Santander","Transporte","Infraestructura Red Vial Regional","Red Vial Terciaria",100,99.85,"Cerrado","Terminado",2017,100319,0,0,100319,100
"161","id_502995","CONSTRUCCIÓN  DE PLACA HUELLA VEREDA EL ARBOLITO Y SAN JOSE ALTO, MUNICIPIO DE BARICHARA,                                         SANTANDER","Santander - Barichara","Centro Oriente","Santander","Transporte","Infraestructura Red Vial Regional","Red Vial Terciaria",100,99.97,"Cerrado","Terminado",2018,195954,0,0,195954,100
"162","id_635795","MEJORAMIENTO  DE LA VIA MEDIANTE LA CONSTRUCCION DE PLACA HUELLA VIA VEREDA SAN JOSE BAJO  Y VEREDA PARAMITO, MUNICIPIO DE BARICHARA,   SANTANDER","Santander - Barichara","Centro Oriente","Santander","Transporte","Infraestructura Red Vial Regional","Red Vial Terciaria",100,99.79,"Cerrado","Terminado",2018,109865,0,0,109865,100
"163","id_981604","MEJORAMIENTO DE LA VÍA MEDIANTE LA CONSTRUCCIÓN DE PLACA HUELLA VEREDA SAN JOSÉ ALTO SECTOR LA JICANA Y VÍA AL SALITRE SECTOR TAPIAS DE BARRERA MUNICIPIO DE BARICHARA  SANTANDER","Santander - Barichara","Centro Oriente","Santander","Transporte","Infraestructura Red Vial Regional","Red Vial Terciaria",100,99.62,"Cerrado","Terminado",2019,190073,0,0,190073,100
"164","id_1016168","MEJORAMIENTO DE LA VIA MEDIANTE LA CONSTRUCCION DE PLACA HUELLA EN LA VEREDA EL PINO MUNICIPIO DE BARICHARA   SANTANDER","Santander - Barichara","Centro Oriente","Santander","Transporte","Infraestructura Red Vial Regional","Red Vial Terciaria",100,99.92,"Cerrado","Terminado",2019,66668,0,0,66668,100
"165","id_381624","MEJORAMIENTO DE VÍAS TERCIARIAS MEDIANTE EL USO DE PLACA HUELLA EN  CALIFORNIA","Santander - California","Centro Oriente","Santander","Transporte","Infraestructura Red Vial Regional","Red Vial Terciaria",100,100,"Cerrado","Terminado",2017,105953,0,713,106667,99.3
"166","id_354443","CONSTRUCCIÓN DE PLACA HUELLAS EN LA VÍA DE ACCESO A LA VEREDA LA CHORRERA DEPARTAMENTO DE SANTANDER MUNICIPIO DE   CEPITÁ","Santander - Cepita","Centro Oriente","Santander","Transporte","Infraestructura Red Vial Regional","Red Vial Terciaria",100,99.98,"Cerrado","Terminado",2017,72385,0,0,72385,100
"167","id_996714","CONSTRUCCIÓN DE PLACA HUELLA VIA VEREDA  LA VERDE, SECTOR CORRALES EN EL  MUNICIPIO DE  CIMITARRA","Santander - Cimitarra","Centro Oriente","Santander","Transporte","Infraestructura Red Vial Regional","Red Vial Terciaria",100,98.61,"Cerrado","Terminado",2019,163870,0,0,163870,100
"168","id_290044","MEJORAMIENTO DE VÍAS TERCIARIAS MEDIANTE EL USO DE PLACA HUELLA EN EL MUNICIPIO DE CURITÍ, DEPARTAMENTO DE  SANTANDER","Santander - Curiti","Centro Oriente","Santander","Transporte","Infraestructura Red Vial Regional","Red Vial Terciaria",100,98.3,"Cerrado","Terminado",2017,159688,0,66667,226355,70.5
"169","id_334848","CONSTRUCCIÓN DE PLACA HUELLAS EN LAS VEREDAS SANTO DOMINGO DEL RAMO Y EL LÍBANO DEL MUNICIPIO DE  EL CARMEN DE CHUCURÍ","Santander - El Carmen De Chucuri","Centro Oriente","Santander","Transporte","Infraestructura Red Vial Regional","Red Vial Terciaria",100,100,"Cerrado","Terminado",2017,88500,0,0,88500,100
"170","id_373304","MEJORAMIENTO DE VÍAS TERCIARIAS MEDIANTE EL USO DE PLACA HUELLA EN  EL CARMEN DE CHUCURÍ, SANTANDER","Santander - El Carmen De Chucuri","Centro Oriente","Santander","Transporte","Infraestructura Red Vial Regional","Red Vial Terciaria",100,99.74,"Cerrado","Terminado",2017,529381,0,0,529381,100
"171","id_845776","CONSTRUCCIÓN  DE VÍAS EN PAVIMENTO RÍGIDO EN EL CORREGIMIENTO DE SANTO DOMINGO DEL RAMO, MUNICIPIO DE  EL CARMEN DE CHUCURÍ","Santander - El Carmen De Chucuri","Centro Oriente","Santander","Transporte","Infraestructura Red Vial Regional","Red Vial Terciaria",100,100,"Cerrado","Terminado",2019,275197,0,0,275197,100
"172","id_999367","CONSTRUCCIÓN DE PAVIMENTO ADOQUINADO EN EL CASERÍO EL CENTENARIO EN EL MUNICIPIO DE  EL CARMEN DE CHUCURÍ, SANTANDER","Santander - El Carmen De Chucuri","Centro Oriente","Santander","Transporte","Infraestructura Red Vial Regional","Red Vial Terciaria",100,100,"Cerrado","Terminado",2019,93744,0,0,93744,100
"173","id_373384","CONSTRUCCIÓN DE PLACA HUELLA VEHICULAR Y UNA ALCANTARILLA EN LA VEREDA EL BOQUERON EN EL MUNICIPIO DE GALÁN DEPARTAMENTO DE SANTANDER.  GALÁN","Santander - Galan","Centro Oriente","Santander","Transporte","Infraestructura Red Vial Regional","Red Vial Terciaria",100,99.87,"Cerrado","Terminado",2017,75055,0,0,75055,100
"174","id_502936","MEJORAMIENTO VÍAS TERCIARIAS DE LA VEREDA QUITASOL SECTORES QUITASOL, SIRENA Y LA EMPALIZADA DEL MUNICIPIO DE GUADALUPE  SANTANDER","Santander - Guadalupe","Centro Oriente","Santander","Transporte","Infraestructura Red Vial Regional","Red Vial Terciaria",100,100,"Cerrado","Terminado",2018,188096,0,0,188096,100
"175","id_499876","MEJORAMIENTO DE VIAS TERCIARIAS, CONSISTENTE EN LA CONSTRUCCIÓN DE LA PLACA HUELLAS EN CONCRETO REFORZADO EN LAS VÍAS:SAN JAVIER 2+900; QUEBRADA LA BORBONA 2+000; AGUA FRIA 2+200; LAS FLORES 3+100 Y MORARIO 4+700 EN EL MUNICIPIO DE  GUAPOTÁ","Santander - Guapota","Centro Oriente","Santander","Transporte","Infraestructura Red Vial Regional","Red Vial Terciaria",100,99.91,"Cerrado","Terminado",2018,100667,0,5000,105667,95.3
"176","id_1029289","MEJORAMIENTO DE VÍAS TERCIARIAS CONSISTENTE EN LA CONSTRUCCIÓN DE PLACA HUELLAS EN CONCRETO REFORZADO EN LA VEREDA CABRAS - SECTOR SAN ROQUE K5+920 DEL MUNICIPIO DE   GUAPOTÁ","Santander - Guapota","Centro Oriente","Santander","Transporte","Infraestructura Red Vial Regional","Red Vial Terciaria",100,99.09,"Cerrado","Terminado",2019,47061,0,0,47061,100
"177","id_527400","MEJORAMIENTO  DE LAS VÍAS RURALES QUE CONDUCEN A LAS VEREDAS BRAVO PAEZ Y AGUA FRIA, MEDIANTE LA CONSTRUCCIÓN DE PLACA HUELLA EN EL MUNICIPIO DE JESÚS MARÍA -   SANTANDER","Santander - Jesus Maria","Centro Oriente","Santander","Transporte","Infraestructura Red Vial Regional","Red Vial Terciaria",100,99.97,"Cerrado","Terminado",2018,80667,0,52516,133182,60.6
"178","id_592352","MEJORAMIENTO Y CONSERVACIÓN DE LA VÍA ALTERNA PANACHI VEREDA TABACAL Y ALTOS DE LA FUENTE DEL MUNICIPIO DE LOS SANTOS, DEPARTAMENTO DE    SANTANDER","Santander - Los Santos","Centro Oriente","Santander","Transporte","Infraestructura Red Vial Regional","Red Vial Terciaria",100,97.45,"Cerrado","Terminado",2018,67510,0,260833,328343,20.6
"179","id_499103","CONSTRUCCIÓN PLACA HUELLA EN CONCRETO RIGIDO DE 3.000 PSI  Y DOS BOX COULVERT EN LA VEREDA CENTRO DEL MUNICIPIO DE PALMAR SANTANDER","Santander - Palmar","Centro Oriente","Santander","Transporte","Infraestructura Red Vial Regional","Red Vial Terciaria",100,98.21,"Cerrado","Terminado",2018,36109,0,19282,55391,65.2
"180","id_508993","CONSTRUCCIÓN DE PLACA HUELLAS EN CONCRETO RIGIDO Y OBRAS DE ARTE EN SECTORES CRITICOS  DE LAS VIAS RURALES DEL MUNICIPIO DE  PALMAS DEL SOCORRO","Santander - Palmas Del Socorro","Centro Oriente","Santander","Transporte","Infraestructura Red Vial Regional","Red Vial Terciaria",99.99,99.91,"Cerrado","Terminado",2018,151241,0,0,151241,100
"181","id_336654","MEJORAMIENTO DE LA VIA DE LA VEREDA EL BOSQUE EN EL MUNICIPIO DE PINCHOTE-SANTANDER  PINCHOTE","Santander - Pinchote","Centro Oriente","Santander","Transporte","Infraestructura Red Vial Regional","Red Vial Terciaria",100,99.89,"Cerrado","Terminado",2017,104184,0,0,104184,100
"182","id_525217","MEJORAMIENTO DE VÌAS TERCIARIAS EN PAVIMENTOS CON PLACA HUELLAS PARA LAS VEREDAS EL ALTO, GARCES Y PIEDRA DEL SOL DEL MUNICIPIO DE  PINCHOTE, SANTANDER","Santander - Pinchote","Centro Oriente","Santander","Transporte","Infraestructura Red Vial Regional","Red Vial Terciaria",100,99.98,"Cerrado","Terminado",2018,178064,0,0,178064,100
"183","id_276911","CONSTRUCCIÓN DE PLACAS HUELLAS EN CONCRETO PARA DIFERENTES VEREDAS DEL MUNICIPIO DE RIONEGRO, SANTANDER  RIONEGRO","Santander - Rionegro","Centro Oriente","Santander","Transporte","Infraestructura Red Vial Regional","Red Vial Terciaria",100,99.72,"Cerrado","Terminado",2017,354452,0,0,354452,100
"184","id_276916","MEJORAMIENTO MANTENIMIENTO Y CONSERVACIÓN DE VÍAS EN LOS SECTORES, LLANO DE PALMAS, EL TAMBOR, LA TIGRA, LAGUNA DE ORIENTE, SAN ISIDRO BRISAS, BOQUERON, DIAMANTE Y CARPINTEROS EN EL MUNICIPIO DE RIONEGRO DEPARTAMENTO DE SANTANDER.  RIONEGRO","Santander - Rionegro","Centro Oriente","Santander","Transporte","Infraestructura Red Vial Regional","Red Vial Terciaria",100,100.08,"Cerrado","Terminado",2017,393569,0,0,393569,100
"185","id_339843","CONSTRUCCIÓN DE PLACA HUELLA EN LOS SECTORES CHAPALA, GUARIAGUA, Y SAN JOSE DEL MUNICIPIO DE   SAN GIL","Santander - San Gil","Centro Oriente","Santander","Transporte","Infraestructura Red Vial Regional","Red Vial Terciaria",100,99.99,"Cerrado","Terminado",2017,224071,0,0,224071,100
"186","id_1016871","MEJORAMIENTO CON PLACA HUELLA DE VÍAS TERCIARIAS DE LA VEREDA SAN CAYETANO DEL MUNICIPIO DE  SAN JOAQUÍN","Santander - San Joaquin","Centro Oriente","Santander","Transporte","Infraestructura Red Vial Regional","Red Vial Terciaria",100,97.84,"Cerrado","Terminado",2019,167263,0,0,167263,100
"187","id_336953","CONSTRUCCIÓN DE PLACA HUELLAS EN LAS VÍAS TERCIARIAS DE 10 VEREDAS DEL MUNICIPIO DE  SAN VICENTE DE CHUCURÍ","Santander - San Vicente De Chucuri","Centro Oriente","Santander","Transporte","Infraestructura Red Vial Regional","Red Vial Terciaria",89.87,84.75,"Cerrado","Terminado",2017,666531,0,0,666531,100
"188","id_352258","CONSTRUCCIÓN DE DOS BOX CULVERT EN LA VEREDA PALESTINA DEL MUNICIPIO DE  SAN VICENTE DE CHUCURÍ","Santander - San Vicente De Chucuri","Centro Oriente","Santander","Transporte","Infraestructura Red Vial Regional","Red Vial Terciaria",100,99.57,"Cerrado","Terminado",2017,83482,0,0,83482,100
"189","id_791081","MEJORAMIENTO EN CONCRETO RÍGIDO DE LA CALLE CENTRAL EN EL CORREGIMIENTO DE EL SITIO DEL MUNICIPIO DE   EL ROBLE, SUCRE","Sucre - El Roble","Caribe","Sucre","Transporte","Infraestructura Red Vial Regional","Red Vial Terciaria",100,99.98,"Cerrado","Terminado",2018,210939,0,0,210939,100
"190","id_277980","MEJORAMIENTO DE LA VIA QUE CONDUCE DE PAJARITO, LAS  ALIAS Y PAISAJE, LA VICTORIA DEL MUNICIPIO DE LA UNIÓN DE SUCRE  LA UNIÓN","Sucre - La Union","Caribe","Sucre","Transporte","Infraestructura Red Vial Regional","Red Vial Terciaria",100,99.98,"Cerrado","Terminado",2017,345370,0,68000,413370,83.5
"191","id_705721","MEJORAMIENTO DE VIAS TERCIARIAS MEDIANTE EL USO DE PLACA HUELLA EN EL MUNICIPIO DE   LA UNIÓN, SUCRE","Sucre - La Union","Caribe","Sucre","Transporte","Infraestructura Red Vial Regional","Red Vial Terciaria",100,97.56,"Cerrado","Terminado",2018,169777,0,0,169777,100
"192","id_242961","CONSTRUCCIÓN DE PLACA HUELLA EN LOS PUNTOS IDENTIFICADOS COMO CRITICOS PARA LA MOVILIDAD EN LA VIA DE ACCESO DE LA VEREDA TRIUNFO EN ZONA RURAL DE LOS PALMITOS, SUCRE, CARIBE","Sucre - Los Palmitos","Caribe","Sucre","Transporte","Infraestructura Red Vial Regional","Red Vial Terciaria",88.49,98.76,"Cerrado","Terminado",2016,119204,0,0,119204,100
"193","id_340006","CONSTRUCCIÓN DE PLACA HUELLA EN CONCRETO RÍGIDO DE 3000 PSI EN LA VÍA QUE COMUNICA A LA VEREDA LOS MUÑECOS EN EL MUNICIPIO DE  LOS PALMITOS","Sucre - Los Palmitos","Caribe","Sucre","Transporte","Infraestructura Red Vial Regional","Red Vial Terciaria",100,99.95,"Cerrado","Terminado",2017,87873,0,0,87873,100
"194","id_352779","MEJORAMIENTO MANTENIMIENTO Y CONSERVACIÓN DE LA VÍA TRES ESQUINAS - EL PITAL, MUNICIPIO DE   SAN MARCOS","Sucre - San Marcos","Caribe","Sucre","Transporte","Infraestructura Red Vial Regional","Red Vial Terciaria",100,99.93,"Cerrado","Terminado",2017,1162151,0,0,1162151,100
"195","id_352785","MEJORAMIENTO MANTENIMIENTO Y CONSERVACIÓN DE LA VÍA QUE INTERCEPTA EL SECTOR SAN MARCOS - EL LLANO CON EL CORREGIMIENTO EL LIMÓN HASTA LA VEREDA BOCA PUERTA EN EL MUNICIPIO DE   SAN MARCOS","Sucre - San Marcos","Caribe","Sucre","Transporte","Infraestructura Red Vial Regional","Red Vial Terciaria",100,99.95,"Cerrado","Terminado",2017,954734,0,0,954734,100
"196","id_1007556","CONSTRUCCIÓN DE PLACA HUELLA EN VIAS TERCIARIAS DEL MUNICIPIO DE CAJAMARCA TOLIMA EN LAS VEREDAS PAN DE AZUCAR Y EL CEDRAL   CAJAMARCA","Departamento De Tolima","Centro Sur","Tolima","Transporte","Infraestructura Red Vial Regional","Red Vial Terciaria",100,99.86,"Cerrado","Terminado",2019,436629,0,0,436629,100
"197","id_376420","MEJORAMIENTO DE VÍAS TERCIARIAS MEDIANTE EL USO DE PLACA HUELLA EN EL MUNICIPIO DE   PLANADAS","Tolima - Planadas","Centro Sur","Tolima","Transporte","Infraestructura Red Vial Regional","Red Vial Terciaria",100,99.87,"Cerrado","Terminado",2017,878725,0,0,878725,100
"198","id_376418","MEJORAMIENTO VIAL MEDIANTE LA CONSTRUCCIÓN DE LA PLACA HUELLA PARA LA VÍA QUE COMUNICA EL CASCO URBANO CON EL CEMENTERIO DEL MUNICIPIO DE  PLANADAS","Tolima - Planadas","Centro Sur","Tolima","Transporte","Infraestructura Red Vial Regional","Red Vial Terciaria",100,99.87,"Cerrado","Terminado",2017,99962,0,0,99962,100
"199","id_276063","MEJORAMIENTO DE VÍAS TERCIARIAS MEDIANTE EL USO DE PLACA HUELLA EN EL MUNICIPIO DE PURIFICACION, TOLIMA","Tolima - Purificacion","Centro Sur","Tolima","Transporte","Infraestructura Red Vial Regional","Red Vial Terciaria",99.83,99.87,"Cerrado","Terminado",2016,453401,0,0,453401,100
"200","id_338606","MEJORAMIENTO DE LA VIA CON PLACA HUELLA VEREDA REMOLINO - SABANETA DEL MUNICIPIO DE PURIFICACIÓN TOLIMA  PURIFICACIÓN","Tolima - Purificacion","Centro Sur","Tolima","Transporte","Infraestructura Red Vial Regional","Red Vial Terciaria",100,99.98,"Cerrado","Terminado",2017,690131,0,0,690131,100
"201","id_313376","MEJORAMIENTO DE VIAS TERCIARIAS MEDIANTE EL USO DE PLACA HUELLA ENTRE LAS VEREDAS TIGRE Y CONSUELO DEL MUNICIPIO DE PURIFICACIÓN TOLIMA  PURIFICACIÓN","Tolima - Purificacion","Centro Sur","Tolima","Transporte","Infraestructura Red Vial Regional","Red Vial Terciaria",100,100,"Cerrado","Terminado",2017,483749,0,0,483749,100
"202","id_380975","PAVIMENTACIÓN  Y REPOSICION DE ALCANTARILLADO, EN LA CARRERA 7 ENTRE LA CALLE 6C Y EL PUENTE SOBRE EL RIO AMBICHINTE, EN EL BARRIO COREA DEL CORREGIMIENTO  BORRERO AYERBE DEL MUNICIPIO  DAGUA","Valle Del Cauca - Dagua","Pacifico","Valle Del Cauca","Transporte","Infraestructura Red Vial Regional","Red Vial Terciaria",100,99.93,"Cerrado","Terminado",2017,154625,0,0,154625,100
"203","id_508326","MEJORAMIENTO DE VÍAS URBANAS EN EL BARRIO PANAMERICANO DEL CENTRO POBLADO DE BORRERO AYERBE DEL MUNICIPIO DE DAGUA  VALLE DEL CAUCA","Valle Del Cauca - Dagua","Pacifico","Valle Del Cauca","Transporte","Infraestructura Red Vial Regional","Red Vial Terciaria",100,100,"Cerrado","Terminado",2018,140861,0,0,140861,100
"204","id_381414","CONSTRUCCIÓN DE PAVIMENTO EN CONCRETO RÍGIDO EN EL CORREGIMIENTO SAN ANTONIO DE LOS CABALLEROS DEL MUNICIPIO DE   FLORIDA","Valle Del Cauca - Florida","Pacifico","Valle Del Cauca","Transporte","Infraestructura Red Vial Regional","Red Vial Terciaria",100,100,"Cerrado","Terminado",2018,312602,0,0,312602,100
"205","id_288424","CONSTRUCCIÓN PLACA HUELLA. VIA VEREDA PARRAGA CORREGIMIENTO DE PAVAS Y OBRAS COMPLEMENTARIAS EN ELMUNICIPIO DE  LA CUMBRE","Valle Del Cauca - La Cumbre","Pacifico","Valle Del Cauca","Transporte","Infraestructura Red Vial Regional","Red Vial Terciaria",100,99.98,"Cerrado","Terminado",2017,76647,0,0,76647,100
"206","id_1028891","CONSTRUCCIÓN DE PLACA HUELLA EN LA VEREDA LA MONTAÑA MUNICIPIO DE   ULLOA","Valle Del Cauca - Ulloa","Pacifico","Valle Del Cauca","Transporte","Infraestructura Red Vial Regional","Red Vial Terciaria",100,99.04,"Cerrado","Terminado",2019,77157,0,0,77157,100
"207","id_1016229","PAVIMENTACIÓN DE LA VIA QUE VA PARALELA A LA PLAZA DE FERIAS EN EL CORREGIMIENTO DEL BALSAL MUNICIPIO DE   VERSALLES","Valle Del Cauca - Versalles","Pacifico","Valle Del Cauca","Transporte","Infraestructura Red Vial Regional","Red Vial Terciaria",100,99.98,"Cerrado","Terminado",2019,30235,0,0,30235,100
